<?xml version="1.0" encoding="UTF-8"?>
<beans xmlns="http://www.springframework.org/schema/beans"
	xmlns:xsi="http://www.w3.org/2001/XMLSchema-instance"
	xmlns:context="http://www.springframework.org/schema/context"
	xmlns:tx="http://www.springframework.org/schema/tx"
	xmlns:mvc="http://www.springframework.org/schema/mvc"
	xsi:schemaLocation="http://www.springframework.org/schema/mvc http://www.springframework.org/schema/mvc/spring-mvc-4.3.xsd
		http://www.springframework.org/schema/beans http://www.springframework.org/schema/beans/spring-beans.xsd
		http://www.springframework.org/schema/context http://www.springframework.org/schema/context/spring-context-4.3.xsd
		http://www.springframework.org/schema/tx http://www.springframework.org/schema/tx/spring-tx-4.3.xsd">
        
    <context:component-scan base-package="com.mitocode" />
	<tx:annotation-driven transaction-manager="transactionManager"/>
     
    <bean id="dataSource" class="org.springframework.jdbc.datasource.DriverManagerDataSource">
        <property name="driverClassName" value="org.postgresql.Driver" />
        <property name="url" value="jdbc:postgresql://localhost:5432/crud"/>
        <property name="username" value="postgres" />
        <property name="password" value="123"/>         
    </bean>
     
    <bean id="sessionFactory" class="org.springframework.orm.hibernate4.LocalSessionFactoryBean" >
        <property name="dataSource" ref="dataSource"/>
        <property name="packagesToScan">
            <list>
                <value>com.mitocode.model</value>
            </list>
        </property>
        <property name="hibernateProperties">
            <props>
                <prop key="hibernate.dialect">org.hibernate.dialect.PostgreSQL82Dialect</prop>
                <prop key="hibernate.show_sql">true</prop>
                <prop key="hibernate.format_sql">true</prop>
                <prop key="hibernate.hbm2ddl.auto">update</prop>
            </props>
        </property>       
    </bean>
 
    <bean id="transactionManager" class="org.springframework.orm.hibernate4.HibernateTransactionManager">
        <property name="sessionFactory" ref="sessionFactory" />
    </bean>
 
    <bean id="persistenceExceptionTranslationPostProcessor"
        class="org.springframework.dao.annotation.PersistenceExceptionTranslationPostProcessor"/>

</beans>
